UserName,Handle,Timestamp,Text
The Recount,@therecount,2021-03-02T20:26:36.000Z,"Replying to 
@GregAbbott_TXHere is Gov. Abbott ending the statewide mask mandate and opening all Texas businesses:"
Laura,@leleana,2021-03-02T20:33:49.000Z,"Replying to 
@GregAbbott_TXHi, Texan here. I'd love to know WHY you did this with science to prove the logic behind your decision making. Because I truly believe this is irresponsible for our public health."
Art Martin,@gartmartin9,2021-03-02T21:10:08.000Z,"Replying to 
@GregAbbott_TXThis tweet needs to be archived to be used at your trial for Covid crimes against humanity.
as of today...March 2
2.6 million cases.  44, 107 deaths in Texas.
----
by april 2 that number will have spiked significantly"
"Ashley Bartholomew, BSN, RN",@TheBlondeRN,2021-03-02T21:29:51.000Z,"Replying to 
@GregAbbott_TXAs an RN and one of your constituents, this is a terrible move. 

I‚Äôm so disappointed and frustrated you won‚Äôt back the basic CDC recommendations that are killing Texans and Americans. Masks save lives. Period. 

Shameful."
Anastasios Vrakas,@Anastasios_Vr1,2021-03-02T21:46:53.000Z,"Replying to 
@GregAbbott_TX-->93,5% of Texans haven't gotten their vaccine yet.. 
-->42K deaths so far..
Ironic comment alert:
Great job Governor!! Now let's pick a song that matches the occasion!
I suggest ""Highway to hell"" by AC/DC 
#COVIDIDIOTS"
GOAT DONƒåIƒÜ,@LukaGOAT2,2021-03-02T21:48:58.000Z,"Replying to 
@GregAbbott_TX
 and 
@IcyGallupFunny how everyone outside of Texas is against this but the actual Texans are happy...if you aren‚Äôt from here than I don‚Äôt wanna hear it"
Leslie,@beachboo7,2021-03-02T22:24:11.000Z,"Replying to 
@GregAbbott_TXDon't take medical advice from a guy who thinks frozen gas and coal is caused by windmills."
"BeaglesResist, House of Pfizer",@BeaglesResist,2021-03-03T01:12:45.000Z,"Replying to 
@GregAbbott_TXBetween $15K electric bills, a failed power grid, politicians who take off on vacation while the people suffer, and your irresponsible handling of the century's worst public health crisis, there won't be anything to ""open"" in another few years."
Ty Ross,@cooltxchick,2021-03-03T02:59:14.000Z,"Replying to 
@GregAbbott_TXTick tock Governor #BetoForGovernor"
Wigging It Etc,@Wiggingitetc,2021-03-03T03:40:28.000Z,"Replying to 
@GregAbbott_TXMURDERER! EVERY DEATH that follows this decision is yours it would be premeditated murder because you knew what doing this would do!

You know people of color are going to be more affected, yet you're risking the lives of TEXANS to sabotage BIDEN for "
Jeremy Ragonese,@JeremyRagonese,2021-03-03T07:55:48.000Z,"Replying to 
@GregAbbott_TXTexas: it‚Äôs like a whole other third world country.
- failed power grid
- failed basic water services
- failed state leadership
- 44,000+ dead from COVID (basically Galvaston‚Äòs population)
- Even Ted Cruz wants to get the hell out

Good luck, Gov. You going to need it."
Dixie Mcguffin,@DixieMcguffin,2021-03-04T03:07:06.000Z,"Replying to 
@GregAbbott_TXThank you for common sense for a ""virus"" that has supposedly killed less than 1% of the population, if that many. It's not about the virus ppl. It's about the Swamp having control over us peons. #FreedomMatters"
SirChano,@SirChano78,2021-03-04T13:27:04.000Z,"Replying to 
@GregAbbott_TXGood job. The government has caused the economy to tank, not covid. The only pandemic there is, is the pandemic of paranoia."
Linda Price,@lkprice146,2021-03-04T14:54:11.000Z,"Replying to 
@GregAbbott_TXSmart move, people are smart enough to run their own lives. Im proud of your decision, as are thousands of others. We cant continue to live like this. Our children are the ones suffering."
Kirk Reynolds,@WKirkReynolds,2021-03-04T17:42:52.000Z,"Replying to 
@GregAbbott_TXThe vaccines are now headed to other states who have controlled the virus. Texas just needs morgues now 'cause you don't want to litter the Lone Star State with dead bodies. That would be ugly."
Johnny Two-tone Blue,@TheMovieGuy1970,2021-03-04T19:04:57.000Z,"Replying to 
@GregAbbott_TXHow does it feel to know that your state and your actions catapulted this country further into a COVID crisis, that hundreds maybe even thousands will die because of your decision. "
Rudy Aguilar,@raguilar1946,2021-03-05T00:45:38.000Z,"Replying to 
@GregAbbott_TXI hope you pay big time if any new variances don't stay in Texas and spread to other states that are following good protocol regarding Covid19. Neanderthal thinking!"
Kalman Laslo,@LasloKalman,2021-03-05T03:42:57.000Z,"Replying to 
@GregAbbott_TX
 and 
@epra72R.I.P everyone about it to die in Texas"
Raymond Weaver,@Raymond21334222,2021-03-05T14:36:58.000Z,"Replying to 
@GregAbbott_TXLove seeing all the melt down tweets from the kool aid drinkers. I haven‚Äôt wore a mask since this started and I haven‚Äôt contracted covid. And before anyone says anything, I have worked the entire time out in the public. And scientists have said masks don‚Äôt work."
Cherry,@CherryBSBerry,2021-03-09T17:41:29.000Z,"Replying to 
@GregAbbott_TXShould have never forced it on free citizens to begin with. You killed small businesses and financially hurt families because of the China Virus. From the get go it should have been the individuals' choice if they wanted to wear a mask or not. Forced gov't control, bad leadership"
Kat,@VTweddingPhoto,2021-03-18T14:34:27.000Z,"Replying to 
@GregAbbott_TXEverything is bigger in Texas, including the stupid."
TheBrownIsland,@TheBrownIsland1,2021-03-20T15:38:43.000Z,"Replying to 
@GregAbbott_TX
 and 
@bram6597Responsible people are still going to be Wearing Masks  regardless, still socially distancing while out and getting Vaccines. So whatever.

Only the ones who contribute to the Spread & Deaths by Not following Guidelines will be walking around in Crowds & Public places Maskless."
lol,@Chayton44367939,2021-03-26T18:05:28.000Z,"Replying to 
@GregAbbott_TXyour entire infrastructure collapsed because of some cold weather what do you think a worldwide pandemic is gonna do to it"
karl :),@KarlJacobs_,2021-03-02T23:47:05.000Z,"Replying to 
@GregAbbott_TXDumb ass "
Lauren Boebert,@laurenboebert,2021-03-02T20:25:47.000Z,"Replying to 
@GregAbbott_TXGod Bless Texas!"
Nicole Maines,@NicoleAMaines,2021-03-02T20:26:39.000Z,"Replying to 
@GregAbbott_TXYou are knowingly putting people‚Äôs lives in danger."
Daisy,@DaisySoul7,2021-03-02T20:30:12.000Z,"Replying to 
@GregAbbott_TX""Please don't be mad that I abandoned you during the freeze. Here this should make you forget all that. See, see I'm good."""
Senator Bribeluncheon,@FuzzyMarth,2021-03-02T20:52:14.000Z,"Replying to 
@GregAbbott_TX‚Äúunfortunately after the storm some Texans were left alive. i have taken swift action to correct that‚Äù"
Jonathan Jewel,@jonathanjewel,2021-03-02T20:53:46.000Z,"Replying to 
@GregAbbott_TXCongrats to the Texas funeral industry- you‚Äôre going to be REAL busy 

RIP Texas"
Khashoggi‚Äôs Ghost,@UROCKlive1,2021-03-02T20:58:17.000Z,"Replying to 
@GregAbbott_TXCongratulations! You're an idiot and more constituents will die.

Yet you seem proud of yourself for doing the dumbest possible thing.

Why not deregulate some more and kill some others that way, too?

Sure am glad I don't live in Texas. Hope they're smart enough to vote you out."
Catsen,@catsen,2021-03-02T21:21:35.000Z,"Replying to 
@GregAbbott_TX"
Commander Cody 0,@ComCodyCC2224,2021-03-02T21:24:47.000Z,"Replying to 
@GregAbbott_TXThis man is knowingly putting millions at risk again, my wife works as hairstylist where she is up close to people also ppl who complain about masks. Not that these have been taken, she's going to exposed to God knows how many infected. Anything happens to her 1/2"
#ThePersistence,@ScottPresler,2021-03-02T21:28:36.000Z,"Replying to 
@GregAbbott_TXThank you, Governor 
@GregAbbott_TX
, for lifting the mask mandate.

To American business owners, moms, & dads, 

please know that Republicans are working to open the economy & our schools. 

We are fighting for freedom."
albert,@AlbertsStuff,2021-03-02T21:49:12.000Z,"Replying to 
@GregAbbott_TXarent u old as hell shouldnt u be worried about covid"
Blaine Gibson,@BGibbles,2021-03-02T22:04:58.000Z,"Replying to 
@GregAbbott_TXYou‚Äôre a worthless leader. Absolute dog shit. Lifting the mask mandate will result in so many unnecessary deaths you dumb mother fucker."
Jessica,@RancidGinger,2021-03-02T22:29:11.000Z,"Replying to 
@GregAbbott_TXMy 14 year old disabled son, who is missing half a lung, and could die if he catches Covid will get to spend another year in self isolation because of you. 

Arrogance meets idiocy in the body of a man who looks like Don Knotts and Andy Griffith had a smarmy butt baby."
KreekCraft,@KreekCraft,2021-03-02T22:37:27.000Z,"Replying to 
@GregAbbott_TX"
Patricia Arquette,@PattyArquette,2021-03-03T01:49:10.000Z,"Replying to 
@GregAbbott_TXBecause one catastrophe on your hands this year is just not enough for you?"
"Salim R. Rezaie, MD",@srrezaie,2021-03-03T03:48:18.000Z,"Replying to 
@GregAbbott_TXAs a frontline ER doc in San Antonio...
@GregAbbott_TX
 removing mask mandate sends wrong message to public...the pandemic is not over and this is a BIG mistake...

For everyone else...PSA: DO NOT look to political leaders with no medical background for your medical advice"
Soozcat,@cosmicfunpalace,2021-03-03T04:25:22.000Z,"Replying to 
@GregAbbott_TXI am so, SO glad you're not my governor."
boogie2988,@Boogie2988,2021-03-03T06:04:33.000Z,"Replying to 
@GregAbbott_TXIts wild seeing a mass murderer tweeting about how excited he is to be killing people."
Patricia Arquette,@PattyArquette,2021-03-03T08:28:08.000Z,"Replying to 
@GregAbbott_TXJust when COVID numbers were going down... give it more hosts!"
Aren Jackson,@InkedAjax,2021-03-03T11:30:58.000Z,"Replying to 
@GregAbbott_TXI apologize in advance for my ignorance of US politics (I'm Canadian), but during a nationwide/worldwide pandemic, doesn't the president retain the rights to implement mask and lockdown procedures or do the state governors have total control of their respective states?"
Peter Merlin Cane,@PeterMerlinCane,2021-03-03T15:12:08.000Z,"Replying to 
@GregAbbott_TXI have reported this tweet for encouraging others to self-harm or suicide. It is not a matter of politics, it is not a matter of opinion. Medical authorities are VERY clear that discarding masks and a full return to work will kill people. I suggest you report him also."
Patricia Arquette,@PattyArquette,2021-03-03T21:04:17.000Z,"Replying to 
@GregAbbott_TXYou know you could have opened and still had a mask mandate to keep everyone safer right?"
Hugh G Merriman MD,@merriman_md,2021-03-04T00:36:39.000Z,"Replying to 
@GregAbbott_TXThere are presently over 6,000 people hospitalized in Texas with Covid. 

Less than 7% of Texans have been vaccinated. 

The Texas hospital system was overwhelmed as recently as December.

Look for the NEW surge of Covid hospital admissions to spike around March 15th."
Chris Brewer,@bearlybrew,2021-03-05T00:34:28.000Z,"Replying to 
@GregAbbott_TXAs a nurse I can‚Äôt begin to tell you much this disappoints me.
I get opening up but why drop the mask mandate.
Open for a month then if numbers stay low drop the mandate.
Will not be voting for you."
Jim Docherty,@jdoc1962,2021-03-07T13:11:03.000Z,"Replying to 
@GregAbbott_TXAbbott you are doing this to distract people from your failure during the latest freeze.  It won‚Äôt work."
steve,@spra10,2021-03-09T02:15:29.000Z,"Replying to 
@GregAbbott_TXProud American and we are proud of your leadership!! 
Happy to be in Texas ( recently moved from Norcal"
Bishop Talbert Swan,@TalbertSwan,2021-03-14T05:34:59.000Z,"Replying to 
@GregAbbott_TXMurderer."
Hit Songs 4 Singers,@SongsForSingers,2021-03-18T00:26:11.000Z,"Replying to 
@GregAbbott_TX
 and 
@ChanelRionThe people who 'forced' their will onto others against the other's will with a mask mandate in the first place are dis-connected (cut-off) from Conscience (Source, God). 
They owe WE THE PEOPLE a sincere apology."
cyn,@cynastmann,2021-03-20T04:14:16.000Z,"Replying to 
@GregAbbott_TXhuh. well, i just announced that we‚Äôre replacing all of the wheelchair ramps in the governor‚Äôs mansion with open pits to hell. good luck! "
Dr. Lee in Iowa #TeamPelosi,@Lee_in_Iowa,2021-03-03T01:58:51.000Z,"Replying to 
@GregAbbott_TXIdiot, murderer, and political hack, all encased in one sack of skin. 

Shameful decision. We won't be distracted from your debacle of the Texas Deep Freeze."
Linda Childers,@lindarchilders,2021-03-03T05:39:00.000Z,"Replying to 
@GregAbbott_TXShould we call you Grim or do you prefer Governor Reaper?"
~rando,@RandyEdgarWall,2021-03-03T17:37:37.000Z,"Replying to 
@GregAbbott_TX"
Nance,@NancyHStewart1,2021-03-15T11:59:54.000Z,"Replying to 
@GregAbbott_TXMorticians will be in high demand. I suppose you've invested?"
Ronald Walters,@RonaldW00767802,2021-03-23T00:39:34.000Z,"Replying to 
@GregAbbott_TX
 and 
@light_is_love__So sad"
Lami,@DwightPoweII,2021-03-02T20:25:33.000Z,"Replying to 
@GregAbbott_TX"
Foxfur,@SirFoxFur,2021-06-05T21:28:16.000Z,"Replying to 
@GregAbbott_TXDon‚Äôt forget to hide the Covid numbers like Florida did!"
Foxfur,@SirFoxFur,2021-06-05T21:29:18.000Z,"Replying to 
@GregAbbott_TXAlso, anyone can have a gun!"
Verna Simpson,@vraye56,2021-03-02T20:32:12.000Z,"Replying to 
@GregAbbott_TXSo not enough Texans died during the snowstorm??? Apparently Abbott thinks No One in Texas has a health risk and needs to take precautions against any type of sickness???? I realize people need their jobs but I believe you are not helping. How many more US citizens need to die??"
WernerKlopek,@DrWernerKlopek,2021-03-02T23:02:28.000Z,"Replying to 
@GregAbbott_TXYou couldn't wait a couple more months while we get shots in arms? We're the least vaccinated state in the country, and therefore the last ones who should even think of opening 100% and discouraging masks. Shame on you."
"Twice-Impeached, One-Term Trumpy (parody)",@outofcontroljb,2021-03-03T01:17:20.000Z,"Replying to 
@GregAbbott_TXMany people are saying that Greg Abbott should be launched into space."
mikaH naY yullF-dexxaV,@YanHakim1974,2021-03-03T03:51:38.000Z,"Replying to 
@GregAbbott_TXLadies & Gentlemen it‚Äôs been official Texas peoples who thought that being frozen to death wasn‚Äôt enough let‚Äôs add numerous variants of Covid-19 in the mix. Because nothing says I care like more Texan death. Hey by the way Christian Pavon & numerous Texas death are on your hands"
Jose M Ramos,@JRS53105467,2021-03-03T17:06:38.000Z,"Replying to 
@GregAbbott_TXIt is really amazing how a free country like America has its citizens fighting over a manipulation like this, they are breaking you by making you fear, read 1984 by George Orwell, go look what they did and do in China, Cuba, Russia and Korea, America it's tilting left too much"
UnSideEffect,@side_un,2021-03-04T19:56:08.000Z,"Replying to 
@GregAbbott_TXDo me a favor and keep your people out of LA if you're going to go through with this silliness. Recent events have made it abundantly clear that Texas doesn't care about its citizens. Don't put neighboring states in danger too."
Gary Lerude,@garylerude,2021-03-05T01:14:02.000Z,"Replying to 
@GregAbbott_TXHard to fathom how someone elected to lead the people of Texas and serve their best interests could act with such ignorance."
Ty Del Rose,@tydelrosedrums,2021-03-06T20:16:35.000Z,"Replying to 
@GregAbbott_TXA year's worth of objective data supports your decision. Screw the naysayers. You made the right call! If people don't like it, they're welcome to move to California if they love living in shackles so much. Cases and deaths continue to decline WITHOUT masks bc they DON'T work!!"
Adam Kresge,@Adam_4_Trump,2021-03-12T03:39:26.000Z,"Replying to 
@GregAbbott_TXYou shouldn‚Äôt have in forced one in the first place ! I‚Äôm glad you finally grew a pair of !"
Tiago,@Tiago22507112,2021-03-23T01:53:03.000Z,"Replying to 
@GregAbbott_TXCongratulatios, you're a brave man, God bless you."
CircleofLife,@soakupthesun121,2021-03-02T20:25:39.000Z,"Replying to 
@GregAbbott_TXTX is LAST in per capita vaccinations. 93.5% of the state  has not yet been fully vaccinated."
Peter Merlin Cane,@PeterMerlinCane,2021-03-02T21:40:34.000Z,"Replying to 
@GregAbbott_TXWhat a stupid, ignorant troll you are, Abbott. How many have died because of you? How many more will die now needlessly?"
YesWeCan,@bronxgalval,2021-03-02T21:57:11.000Z,"Replying to 
@GregAbbott_TXWHAT ARE YOU DOING?!?!?!?!? WE ARE ALMOST THERE ~ YOU NEED TO WAIT UNTIL END OF MAY!!!!! YOU ARE ONLY DOING THIS SO YOU CAN MAKE $$ ON SPRING BREAKERS!!! BUT THOSE KIDS WILL SPREAD IT ALL OVER THE DAMN COUNTRY"
Ashly Perez,@itsashlyperez,2021-03-02T22:04:37.000Z,"Replying to 
@GregAbbott_TXThis will kill people. Leaders like you are responsible for the deaths of over 500,000 Americans. Americans like my father. 

I hope you actually read this tweet and understand the depth of needless suffering you are causing."
Zac Toth,@TothZac,2021-03-02T22:13:48.000Z,"Replying to 
@GregAbbott_TXThank you!! Wish they would here in Indiana.... MASKS DONT DO ANYTHING"
thee anthony fantano,@theneedledrop,2021-03-02T23:12:57.000Z,"Replying to 
@GregAbbott_TXAren‚Äôt there still thousands of people without power or water in your state? Where are your priorities?"
Katie S. Phang,@KatiePhang,2021-03-03T01:29:59.000Z,"Replying to 
@GregAbbott_TXTexas is taking the death penalty to a whole new level."
TeaPotUSA,@TeaPotUSA,2021-03-03T01:53:48.000Z,"Replying to 
@GregAbbott_TXTexas COVID stats:

- 2,660,000 cases
- 44,108 deaths
#COVIDIOT #COVID19"
Barbara Moon,@moonb2,2021-03-03T03:17:26.000Z,"Replying to 
@GregAbbott_TXThank you 
@HEB
 for working to keep #Texans safe & following 
@CDCgov
 guidelines"
MURRAY,@murray_nyc,2021-03-03T03:37:22.000Z,"Replying to 
@GregAbbott_TXInsane. This is the kind of moronic attitude and arrogance that killed 500,000 Americans in <12 months. Of course MAGA folks will be ""proud"" of this madness."
Texas Hopeful,@dee_powers,2021-03-03T04:19:44.000Z,"Replying to 
@GregAbbott_TXThink on this.... My father quarantined all year, fell Dec 18, went to Prestonwood Rehab center in Plano TX.  A young healthcare worker/nurse there who was in contact with a  freedom loving Texas ""patriot"" infected him.. He died Jan 26, his roommate died Jan 23"
Danar63,@danar63,2021-03-03T11:36:43.000Z,"Replying to 
@GregAbbott_TXIn my opinion I think this is premature. Last time you started opening up businesses the cases went up, now you lifted the mask mandate. This is a recipe for disaster and very deadly for Texas. I will keep wearing my mask and practice social distancing. Praying for Texas"
Velvet Revulva,@velvetrevulva88,2021-03-03T18:00:34.000Z,"Replying to 
@GregAbbott_TXI read this tweet in the voice of Emperor Palpatine telling Luke the Rebellion is crushed and all his friends are going to die."
Army of Creation,@ArmyOfCreation,2021-03-05T18:38:05.000Z,"Replying to 
@GregAbbott_TXHeroes challenge conformity. This is a glimmer of sanity in our insane situation. Might be moving to Texas soon."
Krista Allen,@krista515all,2021-03-06T13:54:53.000Z,"Replying to 
@GregAbbott_TXMy right to swing my arms ends where your nose begins. This also applies to potential COVID spread in exhaled water droplets. #WearAMask"
Belinda Turner,@Belinda9066,2021-03-07T04:33:35.000Z,"Replying to 
@GregAbbott_TXTexans can now choose for themselves what to do, but businesses needed to open so that people could eat, pay bills, buy clothing, etc. !  We believe in God and trust in His guidance and care of our souls!"
Lloyd Apter,@LloydApter,2021-03-10T07:10:39.000Z,"Replying to 
@GregAbbott_TXWell done and thank you"
Kaoskrew,@kaoskrew_uk,2021-03-11T23:47:26.000Z,"Replying to 
@GregAbbott_TXGood luck with that then..."
When I said,@nowisaythis,2021-03-03T09:09:53.000Z,"Replying to 
@GregAbbott_TXParking this here...I'll check back in two weeks.
Hope this goes better than I expect."
INVESTIGATE LINDSEY,@IGotARock2,2021-03-03T00:41:27.000Z,"Replying to 
@GregAbbott_TX"
MightyMary007,@Mary007Mighty,2021-03-02T20:29:54.000Z,"Replying to 
@GregAbbott_TX""I just announced that I'm killing more Texans.

AS MANY AS I CAN.

I also ended the statewide mask mandate that was saving lives while we wait for vaccine doses.""

Fixed it for you."
Christine Niles,@ChristineNiles1,2021-03-02T20:38:32.000Z,99% survival rate. Vaccines. Effective treatments. Gov. Abbott did the right thing - and every other state should follow.
"Dave Perrino - Get vaccinated, it's patriotic",@DavePerrino,2021-03-02T22:11:22.000Z,"Replying to 
@GregAbbott_TXWith 2/3rds the population and double the infection rate of California, I'm wondering why you're proud of killing more Texans in the coming weeks."
ÊòüÊ¨ß‚Å∑,@xingou,2021-03-02T23:35:41.000Z,Honestly? POC are disproportionately affected by covid so GOP state leaders thinks that letting them be killed will help their election results. It's barbaric.
RAYMOND,@RAYMOND41929304,2021-03-08T17:39:47.000Z,"Replying to 
@GregAbbott_TX
 and 
@pambeertomGreat job! If only the ""blue states"" would open up!"
Me,@pambeertom,2021-03-08T17:40:47.000Z,The UK too
MamaBear,@MamaBear4All,2021-03-11T03:38:51.000Z,"Replying to 
@GregAbbott_TX
 and 
@cmerfyI used to miss living in Texas. You couldn't paye to go back to that shit show."
cmerfy #ForThePeopleAct #StopAAPIHate #PassFTPA,@cmerfy,2021-03-11T23:54:21.000Z,"Understood, MamaBear. "
Gil,@gayboiigil,2021-03-02T20:30:04.000Z,"Commenting so I remeber to hit you up in a month. I‚Äôve seen how bad the clubs get I. Houston, cases will rise again"
kc,@Kc111499,2021-03-02T20:27:04.000Z,"Replying to 
@GregAbbott_TXFlorida mortality rate (least restricted state): .14%
California mortality rate (most restricted state): .13%"
Hay Place,@HayPlace,2021-03-02T21:19:24.000Z,Why would restrictions affect the mortality rate? The disease is going to kill at the same rate.  This proves nothing.
lex,@dyslexia69420,2021-03-02T21:17:21.000Z,
Yvangelista,@AdamantxYves,2021-03-02T20:48:32.000Z,"Replying to 
@GregAbbott_TXThat way people can get infected and even die, but you get to blame them for not being responsible enough to survive. AND you get to force them to work, no matter what the conditions are, AND you can take away their unemployment!

BRILLIANT!"
Wallace M Landers,@ghboysdad,2021-03-02T22:46:08.000Z,It‚Äôs what evil does ... Taking Corp money and genuflecting to rich corporate donors.   GOP are irredeemable.
Kyle Becker,@kylenabecker,2021-03-02T20:49:33.000Z,"Replying to 
@GregAbbott_TXPlease make sure triggered libs don't try to reintroduce backdoor lockdowns and mask mandates. Protect *all* Texas citizens from their tyranny."
Jenny G,@TheJennyGrace,2021-03-03T05:02:10.000Z,What is patriotism if not being willing to inconvenience yourself minimally in order to literally save the lives of your fellow citizen?  Your moral compass is broken.
Lauren Southern,@Lauren_Southern,2021-03-02T21:05:06.000Z,"Replying to 
@GregAbbott_TX"
"I, Captain, the talker of shit.",@CaptShtTlkr,2021-03-02T21:07:22.000Z,Every school child that dies from this virus is solely on his head now.
Julia Sun,@juliasun_onair,2021-03-02T21:13:59.000Z,"Replying to 
@GregAbbott_TXSpring break begins early."
Nancy Reid,@eyewonit,2021-03-05T13:53:06.000Z,"No worries, Florida has been open for months, kids in school and seniors being inoculated at break neck speed! Lockup‚Äôs don‚Äôt work. Check the suicide rates!"
XdGoldenn,@VincentGalvez14,2021-03-03T02:20:21.000Z,"Replying to 
@GregAbbott_TXWe love you"
monke,@monken1gger69,2021-03-07T18:53:44.000Z,no we dont nigg
Blake Panther,@TheBlakePanther,2021-03-03T02:23:24.000Z,"Replying to 
@GregAbbott_TXTexas' local government has been throwing a temper tantrum since the end of the presidential election."
Lady Greeno,@greenotherushes,2021-03-07T18:39:52.000Z,"Local government are public servants,  if they do you wrong, throw them out, get the government you deserve"
Leslie Fox,@foxlm60,2021-03-03T04:01:37.000Z,"Replying to 
@GregAbbott_TXTexas deserves someone who cares about its constituents! #VoteHimOut #VoteForBeto"
Jonah,@Jonah78092366,2021-03-10T02:12:32.000Z,Dont know who beto is (im not in texas) but god that sounds better than this guy
Ben Brainard,@Ben_Brainard,2021-03-03T05:07:00.000Z,"Replying to 
@GregAbbott_TXCDC: we are trending in the right direction! Not the time to ease up restrictions, though! Keep it up!

TX:"
St. Amor,@CallingShoRai,2021-03-10T19:17:21.000Z,"Quote Tweet
St. Amor
@CallingShoRai
 ¬∑ Mar 10
@GregAbbott_TX
https://vm.tiktok.com/ZMehf26gP/
Show this thread"
Billie J. Winner-Davis,@bjwinnerdavis,2021-03-03T14:37:42.000Z,"Replying to 
@GregAbbott_TXDoes this mean the Federal Prisons in TX will also be open and back to normal operating procedures instead of lockdown? 
Asking for #RealityWinner"
Gerard McNeil,@GerardMcNeil5,2021-03-08T22:32:47.000Z,"Please would you look into this travesty of justice. 
@POTUS
 and 
@KamalaHarris"
Dennis R. Hill,@dennis0805a,2021-03-03T16:12:08.000Z,"Replying to 
@GregAbbott_TXIS TEXAS GOVERNOR GREG ABBOTT TRYING TO KILL TEXANS?"
LEMay,@le_ladydi410,2021-03-07T02:01:17.000Z,"Rump and Abbott have the same goal. Once these bigots heard it would kill the colored ppl, no masks."
Anna Koc,@AkocAnna,2021-03-15T19:02:47.000Z,"Replying to 
@GregAbbott_TXLucky people. I wish we get the chance to do it the same. God bless Teksas freedom."
the fever dream,@copeland_tait,2021-03-19T11:51:24.000Z,"if you‚Äôre gonna be ignorant, at least do a spell check"
Jessica Harper,@Jessica75092588,2021-03-03T07:28:09.000Z,"Replying to 
@GregAbbott_TXAbbott received the Pfizer COVID-19 vaccine in front of news cameras in Austin on December 22.

He doesn't GAF about eliminating the mask mandate! He's not at any risk & could care less if Texas residents die.

Texas, he doesn't care about you only his position of governor."
Ray/facts/science,@raymongous2,2021-03-07T20:01:42.000Z,"No shirt, no shoes, no MASK,
No me!!"
MarshallFarts78,@MarshallFarts5,2021-03-03T08:56:56.000Z,"Replying to 
@GregAbbott_TX#GovernorFarquaad 
@Old_Top_Kick
 @elay2klbsDisFan
 @WeezyMcGrifter
 @ForQ2
 @1stRuleHoles
 @CindisPLace
 @PequotSecrets 
@Theon_Orbis
 @Tam_Resist
 @MaxDRobes @MarlinPerkins14"
OldTopKick,@Old_Top_Kick,2021-03-15T13:41:03.000Z,And Texas starts its next spike in 2 more days. Mark your calendars
Dan Laurel,@DLaurel79,2021-03-04T15:25:33.000Z,"Replying to 
@GregAbbott_TXThis is great for the people. The people should be able to choose if they want to wear a mask or not. People are responsible for their own health, not big brother. If you‚Äôre concerned, continue to mask up, wash your hands, and social distance, your choice."
EnflamedHuevos,@EnflamedH,2021-03-04T15:41:45.000Z,Have fun at all the funerals you‚Äôll be attending in the near future
Simon Baumgartner,@boumi84,2021-04-18T17:10:58.000Z,"Replying to 
@GregAbbott_TXWise decision. This is how you end this pan(dem)ic. Your example should be followed globally."
Gladue_Could_Join,@gladue,2021-05-02T01:59:58.000Z,Like India? Should they be wide open? Maybe fly there and tour around and let us all know.
Travis Boldt,@Travis4TX,2021-03-02T20:31:00.000Z,"Replying to 
@GregAbbott_TXThe Governors Mansion is still closed. (512) 463-5518"
"fierce advocate, msw",@brainyisnewsexy,2021-03-02T21:17:54.000Z,Ask all your teacher friends to call and book tours for their classes to visit the governor's mansion. Everybody. En masse.
John Isner,@JohnIsner,2021-03-02T20:41:03.000Z,"Replying to 
@GregAbbott_TXThank you Gov Abbott!"
Turtle,@bridgeorbentley,2021-03-07T07:56:31.000Z,
- Webdev / Author - Fully Vaxxed,@ldragoon,2021-03-02T20:53:56.000Z,"Replying to 
@GregAbbott_TXI‚Äôm just gonna leave this here and check back in 2 weeks."
Me Me,@Justanother1010,2021-03-20T02:59:00.000Z,Cough cough
Zack,@Asmongold,2021-03-02T21:08:36.000Z,"Replying to 
@GregAbbott_TXARE YOU SERIOUS GREG

WHY WOULD YOU DO THIS"
walking to wall street; straight jacket,@Long_Stock_Ag,2021-03-02T21:12:06.000Z,Because not everyone can make a living sitting in front of their computer.
Harold Cook,@HCookAustin,2021-03-02T21:09:27.000Z,"Replying to 
@GregAbbott_TXHuh."
Julie M.,@AmieJules,2021-03-03T04:53:54.000Z,Sounds like Governor‚Äôs mansion <cough> will be reopening for <cough> tours. Making my <cough> reservations now.
Eric Feigl-Ding,@DrEricDing,2021-03-02T21:20:19.000Z,"Replying to 
@GregAbbott_TXThis stain and all the COVID deaths to come will be forever your legacy"
"Vaxxed, PhD",@YesQuake,2021-03-03T02:48:54.000Z,"Perhaps Abbott is trying to draw attention away from Texas' energy problems, privatization, deregulation, frozen pipes, deaths, and dirty water."
John Pavlovitz,@johnpavlovitz,2021-03-02T21:32:04.000Z,"Replying to 
@GregAbbott_TX
 and 
@DanCrenshawTXMurderer."
Cindot,@CinDot2017,2021-03-03T02:16:35.000Z,
Justin (JP) Chanda,@jpchanda,2021-03-02T21:42:49.000Z,"Replying to 
@GregAbbott_TXIdiot"
Monica,@msbWOW,2021-03-06T14:10:08.000Z,Dystopian.
Three Year Letterman,@3YearLetterman,2021-03-02T22:40:37.000Z,"Replying to 
@GregAbbott_TXSenator, the time has come to do the right thing and CLOSE libraries. Now."
Bill Bouvier,@wpbouvier,2021-03-03T01:03:04.000Z,"Coach, by the looks of things, Texas doesn‚Äôt have any libraries."
rosanna arquette,@RoArquette,2021-03-02T23:06:38.000Z,"Replying to 
@GregAbbott_TXwhy do you hate the people in your state ?"
CLS,@LovingMom_33,2021-03-02T23:31:03.000Z,"Please tag 
@POTUS
 to tweets about this! We need emergency vaccinations here in Texas. Abbott is trying to kill us. First he went on tv and blamed our electric grid problems on the Green New Deal instead of trying to help us! No power or water for days in freezing temps."
PatriotTakes,@patriottakes,2021-03-02T23:15:52.000Z,"Replying to 
@GregAbbott_TXYou know the goal is to keep people alive, right?"
Hopeful for 2021,@hopeful20212024,2021-03-03T01:32:41.000Z,Not Abbott's goal. He just wants to keep the funds coming in from donors. He doesn't care about the public health. Or the resiliency of energy generation or climate change or really anything that helps the people of Texas.
sam hanks,@samhqnks,2021-03-02T23:17:23.000Z,"Replying to 
@GregAbbott_TXBut can you do this? "
Keith Hanks,@KeithHanks8,2021-04-08T22:48:38.000Z,Ouch that‚Äôs harsh
Dr. G.,@DemNevada,2021-03-02T23:18:58.000Z,"Replying to 
@GregAbbott_TXGiving DeathSantis a run for his money I see."
Crazy Canuck #NoToRacism #YesToSocialEquality,@ScottDavid2020,2021-03-03T00:06:36.000Z,This says it all
Kimberly Ann Gibson,@KimberlyAnnGib5,2021-03-02T23:19:30.000Z,"Replying to 
@GregAbbott_TX
 and 
@winnerswin100God Bless Texas!!!!!"
PedroPJ,@AztecRage,2021-03-02T23:22:41.000Z,Sure if you want to die and hopefully see your version of a god
Mark James,@MarkJam92731126,2021-03-02T23:21:20.000Z,"Replying to 
@GregAbbott_TXThis is a good time to note that the electrical grid in Texas was deregulated, privatized, and removed from interconnected networks to avoid federal regulation and increase profits to a small number of wealthy individuals."
Nix the Filibuster,@NoelinSD,2021-03-03T02:32:37.000Z,Pretty clear to me that this governor puts profits over his constituents‚Äô lives-2X times now!
Luna,@Lunaa,2021-03-02T23:26:00.000Z,"Replying to 
@GregAbbott_TXfuckin moron"
TrashBoat,@Trash3oat,2021-03-09T15:40:03.000Z,I live in texas bro agreed
k√´√´pg√∂√Æ≈Ñg,@LynneJay00,2021-03-02T23:48:07.000Z,"Replying to 
@GregAbbott_TX@RemindMe_OfThis
 in three weeks at 5pm"
Remind me of this tweet,@RemindMe_OfThis,2021-03-23T17:00:47.000Z,"It's reminder time. Here you go 
@LynneJay00
.

Did I get your time wrong? Visit https://remindmeofthis.app/settings to set your timezone.Quote Tweet
k√´√´pg√∂√Æ≈Ñg
@LynneJay00
 ¬∑ Mar 2
Replying to @GregAbbott_TX
@RemindMe_OfThis in three weeks at 5pm"
H-E-B,@HEB,2021-03-03T13:37:40.000Z,"Hi Kristin, our store policy has not changed in any way as a result of Governor Abbott‚Äôs orders. We will continue ask shoppers to be masked while in our stores and will still require all our Partners and vendors to wear masks while at work."
Dalberto,@Dalbert144,2021-03-03T00:21:15.000Z,"Replying to 
@GregAbbott_TX"
Luc,@forthirtyhours,2021-03-09T12:50:59.000Z,good meme Dalbert!
Grizzy,@SoGrizzy,2021-03-03T00:56:43.000Z,"Replying to 
@GregAbbott_TX"
no life,@SamuelRayo4,2021-03-07T20:15:49.000Z,
Cacau,@cacauliber,2021-03-03T00:57:29.000Z,"Replying to 
@GregAbbott_TX@RemindMe_OfThis
 next month"
Remind me of this tweet,@RemindMe_OfThis,2021-04-03T12:02:08.000Z,"Hey 
@cacauliber
, here's your reminder.

Did I get your time wrong? Visit https://remindmeofthis.app/settings to set your timezone.Quote Tweet
Cacau
@cacauliber
 ¬∑ Mar 2
Replying to @GregAbbott_TX
@RemindMe_OfThis next month"
Kayla,@lilsimsie,2021-03-03T01:26:53.000Z,"Replying to 
@GregAbbott_TX??????????????????????????????????"
Elizabeth Gray,@Born2Scout,2021-03-03T05:50:27.000Z,"He's getting ready for spring break. Barton Springs, South Padre Island, etc. are gonna be open for business. It will be a catastrophe of epic proportions."
Sam Ramsbottom,@RamsbottomSam,2021-03-03T02:14:36.000Z,"Replying to 
@GregAbbott_TXGood luck lmao"
Jack Bull,@JackBul06640433,2021-04-19T07:35:46.000Z,Ratiod
MeMary =),@LostedIm,2021-03-03T02:36:02.000Z,"Replying to 
@GregAbbott_TX@chamomilehunny
 did you see this! "
ùò©ùò∞ùò≥ùò§ùò©ùò¢ùòµùò¢ ùò©ùò∞ùòµùòµùò™ùò¶,@chamomilehunny,2021-03-03T02:50:31.000Z,It's so embarrassing a few weeks ago people were dying cuz you don't have power and now more people are going to die like what the hell
Nicole Alldredge,@nikkiwb02,2021-03-03T05:49:07.000Z,"Replying to 
@GregAbbott_TXIf Texas is open- send state employees back to their offices. TEA, DPS office visits without appointments; and open the Legislature to the public like normal."
Mom in Blue,@momNblue,2021-03-09T12:46:43.000Z,"Abbott is graciously mandating that state employees return to buildings & agencies cannot require masks for employees or customers. Legislators, however, can require masks & neg COVID tests for staff & visitors. State employees will be needlessly exposed. So much for ‚Äúfreedom‚Äù."
stella / rain !,@chuuyaffinity,2021-03-03T13:53:14.000Z,"Replying to 
@GregAbbott_TXwhat is this clownery... RATIO LMAO"
raine ! fluff arc,@nniemikasa,2021-03-12T21:37:48.000Z,YOU MADE SO MANY POINTS WITH THIS
Eric Tomlinson,@EricTomlinson78,2021-03-03T18:06:34.000Z,"Replying to 
@GregAbbott_TXI see people‚Äôs concern, but you have to think about all the small business owners that can‚Äôt make ends meet. You can still wear masks, gloves and social distance yourselves, or even use delivery services if you are afraid to go out. We have to think about people‚Äôs livelihood, too"
tarkina,@tarkina3,2021-03-05T00:14:02.000Z,Concern. Ha!GIF
Noelle,@noellevivante,2021-03-07T03:43:51.000Z,"I mean it‚Äôs not giving them a choice now because they‚Äôre far more likely to die if they go out now, even though they could still go out as Texas wasn‚Äôt on lockdown and there were few restrictions. More like the freedom to choose to stand in the middle of the road lol."
Joseph McCaffrey,@PhilNeuro,2021-03-05T19:43:37.000Z,"Replying to 
@GregAbbott_TXI wonder how many Americans will die solely as a result of this decision"
Veritas in Vivo,@VVinqit,2021-03-13T00:44:27.000Z,There will be less deaths because of this decision.
Femboy Halo Lore,@_lucydrop,2021-03-06T16:43:53.000Z,"Replying to 
@GregAbbott_TXI hate it here I hate it here I hate it here I hate it here I hate it here I hate it here I hate it here I hate it here I hate it here I hate it here I hate it here I hate it here I hate it here I hate it here I hate it here I hate it here I hate it here I hate it here I hate it"
Chase,@chase6390,2021-03-06T17:28:16.000Z,Then stay home or move
mergy101,@mergy_101,2021-03-09T01:50:08.000Z,"Replying to 
@GregAbbott_TXTbh this does absolutely nothing to put me in more danger considering I'm the only person in my family that wears a mask in public. And there's 6 other people that live in my house."
Leporine,@randomly_rabbit,2021-03-15T09:37:15.000Z,"Depending on your living arrangements, you can self-isolate at home, but depends on how long it takes your fellow citizens to science, bro. Good luck"
Arriadna 2022,@Arriadna,2021-03-03T01:12:16.000Z,"Replying to 
@GregAbbott_TXIf they didn‚Äôt freeze to death you help them die of Covid now?"
matt harvey,@halladayfan32,2021-03-03T03:04:13.000Z,"Replying to 
@GregAbbott_TXtexas dont listen to this guy he has no clue what he is doing he isnt listening to experts like he should be wear a mask be safe"
CathyO,@cathyob1,2021-03-03T03:31:37.000Z,"Replying to 
@GregAbbott_TXWho advised you on his? Have you no regard for your doctors and nurses? Texas ranks 48th in vaccine distribution. Houston has every single one of the COVID variants. This is a horrible decision."
"CitiZenSane, Unseat Blue, No Matter Who",@Citi_ZenSane,2021-03-03T08:14:20.000Z,"Replying to 
@GregAbbott_TXNobody could be happier about that than this guy "
MANIC IMPRESSIVE (Debra),@gr888shopper,2021-03-03T12:30:43.000Z,"Replying to 
@GregAbbott_TXAnd this man is actually bragging about it!!

#Texas  WHY WOULD YOU VOTE FOR THIS MAN????"
Katie Porter‚Äôs WhiteBoard,@OhOEvie,2021-03-03T14:41:14.000Z,"Replying to 
@GregAbbott_TXThis doesn‚Äôt distract us from your terrible work with a winter storm that ALSO killed people. Why do you insist on killing Texans?"
Cora,@22Coras,2021-03-06T06:19:18.000Z,"Replying to 
@GregAbbott_TXEvery single Covid death you now own."
ChuckLS,@ChuckLS5,2021-03-06T06:52:00.000Z,"Replying to 
@GregAbbott_TXExcept all those places which, unlike you, understand that Texas is still far from being out of the woods with the pandemic and, therefore, will remain CLOSED 100% until it is safe not to do so.  You are endangering your own people.  Just like during the recent cold snap."
Noah James,@Gonch2020,2021-03-06T07:31:08.000Z,"Replying to 
@GregAbbott_TXWell done on killing a load more people, Greg."
might have fursona name linkzy,@itzledeltabluez,2021-03-06T08:22:22.000Z,"Replying to 
@GregAbbott_TXI'm not a Texan, but this is bullshit. Yes, cases are going down as I'm typing this, but now is NOT a good time. We aren't back to normal yet. Our governor is waiting until things are at least back to normal to lift restrictions that were put in place pre-covid or during

1/2?"
might have fursona name linkzy,@itzledeltabluez,2021-03-06T08:27:55.000Z,"...covid. This is the most dangerous move during a pandemic. Now there are people who possibly won't want to go out all the time because people not wearing masks at these times can cause cases to go back up, then lockdown happens again, and you get blamed. Simple as that.

2/3"
Suzanne,@ofthelight444,2021-03-06T08:25:15.000Z,"Replying to 
@GregAbbott_TXSTUPID"
bluewave0712,@bluewave0712,2021-03-06T08:28:30.000Z,"Replying to 
@GregAbbott_TXHope to see you at your trial. Mass murder must carry quite a penalty in Texas."
Jon Sociologist,@JonSociologist,2021-03-06T08:59:41.000Z,"Replying to 
@GregAbbott_TXYou do know that they stopped using high body counts as a measure of ""greatness"" a while back, right? And, FYI: they never used high body counts of your own people as a measure of greatness."
Scott Chegg,@ravanelliterry,2021-03-06T09:51:50.000Z,"Replying to 
@GregAbbott_TXGet yer knuckles draggin' over here! 
You won't get better!"
Cindy,@cindylheim,2021-03-06T10:18:48.000Z,"Replying to 
@GregAbbott_TX
 and 
@SebGorkaOnly at the border. "
Carol J,@chicago_jarvis,2021-03-06T12:33:27.000Z,"Replying to 
@GregAbbott_TXThird party perspective on the overall situation in Texas. I hope everyone makes it out of 2021 relatively unscathed because with everything else you‚Äôre having to endure, you‚Äôve invited an uptick in covid cases and deaths whether you believe you have or not."
Adam Roy,@Foote900,2021-03-06T12:41:00.000Z,"Replying to 
@GregAbbott_TX
 and 
@SebGorkaIf/when cases spike, you should be charged"
Krista Allen,@krista515all,2021-03-06T13:53:18.000Z,"Replying to 
@GregAbbott_TXFun fact: <5% of Texans have received the vaccine. Another Fun Fact: his announcement said that mask enforcement was to the businesses discretion, so hourly workers can now be berated by entitled Karens. #RIPTexas"
,@_jamilaaa__,2021-03-06T14:27:52.000Z,"Replying to 
@GregAbbott_TXDid y‚Äôall the power back on for the people ?"
Lindsey Spivey,@Lindseyspeed94,2021-03-06T14:57:48.000Z,"Replying to 
@GregAbbott_TXThis is great. Give the power back to the people to decide what‚Äôs best for them. If they feel better putting there mask on then taking it off to eat then putting it back on more power to em."
Janette Marie,@jjnmama,2021-03-06T14:59:04.000Z,"Replying to 
@GregAbbott_TXanxiously waiting the numbers in about eight weeks."
K-tina,@Ktina0211,2021-03-06T15:16:49.000Z,"Replying to 
@GregAbbott_TXDumb!"
Nelson Vald√©s,@NECValdes,2021-03-06T16:37:54.000Z,"Replying to 
@GregAbbott_TXASSHOLE "
herb66,@herb66,2021-03-06T16:41:29.000Z,"Replying to 
@GregAbbott_TXI‚Äôm calling bullshit on your beliefs until I see a picture of you in a crowded bar or restaurant"
Jeffari-al-Texani,@jeffarialtexani,2021-03-06T19:47:23.000Z,"Replying to 
@GregAbbott_TXWait a second, you claim Joe is unleashing COVID-infected illegal immigrants against us, but you say it's okay if you don't want to wear a mask.

That doesn't make any damn sense."
ThereGoesTheNoHitter,@ShoshanaHantman,2021-03-06T20:35:25.000Z,"Replying to 
@GregAbbott_TXIn other news, seat belts have dramatically reduced automobile deaths, so you can stop using them now."
Andrew - Games Designer,@Andrew_Makes,2021-03-06T20:49:20.000Z,"Replying to 
@GregAbbott_TX
 and 
@DickDelingpoleSo your open season for guns..."
JakeMusc96,@Musc96,2021-03-06T22:24:44.000Z,"Replying to 
@GregAbbott_TX#GregAbbot got his vaccine and now he thinks he‚Äôs invincible & he‚Äôs managed to eradicate the virus from Texas so he opened up the state or he‚Äôs safe now and couldn‚Äôt care less about everyone else."
Leslie W Bardak,@SellingWNY,2021-03-06T22:35:08.000Z,"Replying to 
@GregAbbott_TXThen you should be held personally responsible for all the deaths to come."
Sean One,@SeanOne10,2021-03-06T23:01:48.000Z,"Replying to 
@GregAbbott_TX"
Mary Judson,@misred59,2021-03-06T23:42:37.000Z,"Replying to 
@GregAbbott_TXWrong move, governor."
simon oliver wright,@euphospug,2021-03-07T01:05:01.000Z,"Replying to 
@GregAbbott_TXNot many mass murderers announce their crimes on Twitter. Thanks for that."
Erika Kilgore-Chan,@ErikaKilgore,2021-03-07T02:52:00.000Z,"Replying to 
@GregAbbott_TXYou proud of that ?"
Robert Stevens,@farfelpippic,2021-03-07T02:59:42.000Z,"Replying to 
@GregAbbott_TXWell, more Texans dying of COVID will certainly distract from all the harm done to Texas by you and ERCOT during the winter storm.  Nice distraction tactic."
Darixidor,@Darixidor,2021-03-07T03:00:48.000Z,"Replying to 
@GregAbbott_TXSo you want people in your state to die....

Cool. Cool. Cool. Cool. Cool. Cool. Cool."
Kyle Joseph,@TheKyleJoseph,2021-03-07T03:08:14.000Z,"Replying to 
@GregAbbott_TX"
Rick Beardly,@RickBeardly,2021-03-07T03:39:44.000Z,"Replying to 
@GregAbbott_TXDoes that include your mom's legs?"
Brett Chandler-Finch,@BrettCFinch,2021-03-07T04:47:01.000Z,"Replying to 
@GregAbbott_TXIs the governors mansion going to open to the public?"
JillThinksThruIt,@ThinkThruIt1,2021-03-07T15:21:39.000Z,"Replying to 
@GregAbbott_TXYou‚Äôre intentionally trying to kill Texans for what?"
makeron,@makeron,2021-03-07T16:04:48.000Z,"Replying to 
@GregAbbott_TXKilling us with your policies has always been your top priority, be it storms or virus."
Rebelrebecca,@Rebelrebecca2,2021-03-07T17:08:26.000Z,"Replying to 
@GregAbbott_TX"
Vickie V,@vickstreme,2021-03-07T18:06:19.000Z,"Replying to 
@GregAbbott_TXAbsolutely reckless and shows exactly the lengths you will go to in order to put us, fellow Texans, in harms way just to detract from the mess you all made with the energy disaster. We will remember this come election time."
debbie pafford,@dpafford1297,2021-03-07T18:51:05.000Z,"Replying to 
@GregAbbott_TXIt makes sense to reopen & let the people try to salvage their lives, businesses, etc.  I do believe that it is wrong to expect Americans to be locked  down & yet our borders are not closed!!
covid positive illegals being let in !"
Anton Syvokhin,@anton_syvokhin,2021-03-07T19:08:54.000Z,"Replying to 
@GregAbbott_TXG"
Grizzled Sentinel,@GrizzledSentine,2021-03-07T23:43:44.000Z,"Replying to 
@GregAbbott_TXI presume you also ended the statewide stop sign mandate.  Because it is an individual's choice whether or not they want to gun through an intersection."
gus,@gus628,2021-03-08T00:48:25.000Z,"Replying to 
@GregAbbott_TX@marijuana"
Movie Vigilante,@MovieVigilante,2021-03-08T06:13:30.000Z,"Replying to 
@GregAbbott_TX"
Cam Cam,@RoonToon92,2021-03-08T11:38:39.000Z,"Replying to 
@GregAbbott_TXThis tweet screams, ‚ÄúI did a good job, I‚Äôm a big boy. I‚Äôm manly, and give no fucks about peoples lives, please validate me with the ‚ÄúLike‚Äù button.‚Äù "
wide awake,@wideawake828,2021-03-08T13:36:22.000Z,"Replying to 
@GregAbbott_TXExcept your minds..."
wide awake,@wideawake828,2021-03-08T13:37:04.000Z,"Replying to 
@GregAbbott_TX"
friendsdontletfriendsvotegop,@friendsdontlet2,2021-03-08T13:42:17.000Z,"Replying to 
@GregAbbott_TX@JimJusticeWV
 is absolutely right. 
@GregAbbott_TX
 is looking for a whitewash. At the expense of his own constituents."
RV Marty,@MartinRevoir,2021-03-08T15:43:43.000Z,"Replying to 
@GregAbbott_TX"
Janusz N,@JanuszN9,2021-03-08T17:27:36.000Z,"Replying to 
@GregAbbott_TX
 and 
@the_pogardaKaczy≈Ñski g≈Çosi bzdety w ko≈õcio≈Çach to obraza regili"
kyle,@kyl3ent,2021-03-08T19:59:08.000Z,"Replying to 
@GregAbbott_TXNever had authority in the first place to force grown adults to wear slave muzzles but ok thx king"
Millie Perez,@Ezeecash,2021-03-08T20:46:08.000Z,"Replying to 
@GregAbbott_TXI pray for the people of Texas 
@GregAbbott_TX
 listen to the science not the dollar$$$.. How many more people must die ..."
Mayara Silva,@MayLinda1982,2021-03-08T22:30:24.000Z,"Replying to 
@GregAbbott_TXTexas os blessed. I will go on suffering in Brazil."
Texas veteran,@smx6,2021-03-09T02:42:33.000Z,"Replying to 
@GregAbbott_TXDidn't you open up prematurely last year too? Around this time? How'd that turn out?"
Bernardo Stephano,@BernardoStephan,2021-03-09T03:00:15.000Z,"Replying to 
@GregAbbott_TXAnd you are talking about controlling the virus in another post what an inconsistency.  It took you 1 year to people use it more.  We are not out of the pandemia yet"
kip thomas,@skeptix85,2021-03-09T03:09:22.000Z,"Replying to 
@GregAbbott_TXkeep it up . lets goo"
Johninhou,@unapologist,2021-03-09T04:02:43.000Z,"Replying to 
@GregAbbott_TXSo the mismanaged of the power grid didn‚Äôt kill enough Texans for you and you decided to try a different approach. Say hi to Sean Hannity since all your good for these days is Fox News appearances."
